{
  "Purchase" : {
    "transaction" : "Purchase",
    "sampleCount" : 2237,
    "errorCount" : 0,
    "errorPct" : 0.0,
    "meanResTime" : 281.4720607957091,
    "medianResTime" : 277.0,
    "minResTime" : 250.0,
    "maxResTime" : 514.0,
    "pct1ResTime" : 301.0,
    "pct2ResTime" : 313.0,
    "pct3ResTime" : 414.0,
    "throughput" : 12.487579408054126,
    "receivedKBytesPerSec" : 81.93891872990376,
    "sentKBytesPerSec" : 3.58530111910929
  },
  "Total" : {
    "transaction" : "Total",
    "sampleCount" : 9020,
    "errorCount" : 0,
    "errorPct" : 0.0,
    "meanResTime" : 282.8998891352567,
    "medianResTime" : 276.0,
    "minResTime" : 245.0,
    "maxResTime" : 946.0,
    "pct1ResTime" : 303.0,
    "pct2ResTime" : 328.0,
    "pct3ResTime" : 427.0,
    "throughput" : 50.05771621381638,
    "receivedKBytesPerSec" : 300.9569306628485,
    "sentKBytesPerSec" : 12.906074015841435
  },
  "Home Page" : {
    "transaction" : "Home Page",
    "sampleCount" : 2292,
    "errorCount" : 0,
    "errorPct" : 0.0,
    "meanResTime" : 286.1391797556722,
    "medianResTime" : 271.0,
    "minResTime" : 245.0,
    "maxResTime" : 946.0,
    "pct1ResTime" : 333.0,
    "pct2ResTime" : 409.0,
    "pct3ResTime" : 442.0,
    "throughput" : 12.727111190084848,
    "receivedKBytesPerSec" : 59.125391128226205,
    "sentKBytesPerSec" : 1.479029523066501
  },
  "Confirmation" : {
    "transaction" : "Confirmation",
    "sampleCount" : 2218,
    "errorCount" : 0,
    "errorPct" : 0.0,
    "meanResTime" : 280.3345356176737,
    "medianResTime" : 276.0,
    "minResTime" : 251.0,
    "maxResTime" : 475.0,
    "pct1ResTime" : 300.0,
    "pct2ResTime" : 313.0499999999997,
    "pct3ResTime" : 399.2399999999998,
    "throughput" : 12.39403879144152,
    "receivedKBytesPerSec" : 69.9599580835061,
    "sentKBytesPerSec" : 4.829317849399577
  },
  "Reserve - Book Flight" : {
    "transaction" : "Reserve - Book Flight",
    "sampleCount" : 2273,
    "errorCount" : 0,
    "errorPct" : 0.0,
    "meanResTime" : 283.54201495820473,
    "medianResTime" : 278.0,
    "minResTime" : 250.0,
    "maxResTime" : 527.0,
    "pct1ResTime" : 303.0,
    "pct2ResTime" : 319.0,
    "pct3ResTime" : 420.25999999999976,
    "throughput" : 12.662176691121992,
    "receivedKBytesPerSec" : 91.27050470618792,
    "sentKBytesPerSec" : 3.0789863243060314
  }
}