{
  "Purchase" : {
    "transaction" : "Purchase",
    "sampleCount" : 1122,
    "errorCount" : 0,
    "errorPct" : 0.0,
    "meanResTime" : 280.25044563279863,
    "medianResTime" : 274.0,
    "minResTime" : 253.0,
    "maxResTime" : 816.0,
    "pct1ResTime" : 295.0,
    "pct2ResTime" : 314.8499999999999,
    "pct3ResTime" : 425.0,
    "throughput" : 6.297250425148592,
    "receivedKBytesPerSec" : 41.32080591966796,
    "sentKBytesPerSec" : 1.8079996337828963
  },
  "Total" : {
    "transaction" : "Total",
    "sampleCount" : 4509,
    "errorCount" : 0,
    "errorPct" : 0.0,
    "meanResTime" : 282.7700155245069,
    "medianResTime" : 274.0,
    "minResTime" : 246.0,
    "maxResTime" : 1320.0,
    "pct1ResTime" : 298.0,
    "pct2ResTime" : 321.0,
    "pct3ResTime" : 454.89999999999964,
    "throughput" : 25.029420254457445,
    "receivedKBytesPerSec" : 150.46045148468204,
    "sentKBytesPerSec" : 6.462627906984813
  },
  "Home Page" : {
    "transaction" : "Home Page",
    "sampleCount" : 1142,
    "errorCount" : 0,
    "errorPct" : 0.0,
    "meanResTime" : 290.648861646235,
    "medianResTime" : 269.0,
    "minResTime" : 246.0,
    "maxResTime" : 1320.0,
    "pct1ResTime" : 326.70000000000005,
    "pct2ResTime" : 419.0,
    "pct3ResTime" : 638.1999999999962,
    "throughput" : 6.339232186868575,
    "receivedKBytesPerSec" : 29.44999346023825,
    "sentKBytesPerSec" : 0.7366881154661723
  },
  "Confirmation" : {
    "transaction" : "Confirmation",
    "sampleCount" : 1116,
    "errorCount" : 0,
    "errorPct" : 0.0,
    "meanResTime" : 277.5143369175627,
    "medianResTime" : 275.0,
    "minResTime" : 254.0,
    "maxResTime" : 521.0,
    "pct1ResTime" : 294.30000000000007,
    "pct2ResTime" : 304.0,
    "pct3ResTime" : 330.97999999999956,
    "throughput" : 6.296085256667024,
    "receivedKBytesPerSec" : 35.539463718526626,
    "sentKBytesPerSec" : 2.4532597826270925
  },
  "Reserve - Book Flight" : {
    "transaction" : "Reserve - Book Flight",
    "sampleCount" : 1129,
    "errorCount" : 0,
    "errorPct" : 0.0,
    "meanResTime" : 282.4995571302036,
    "medianResTime" : 276.0,
    "minResTime" : 252.0,
    "maxResTime" : 558.0,
    "pct1ResTime" : 300.0,
    "pct2ResTime" : 313.0,
    "pct3ResTime" : 427.0,
    "throughput" : 6.316119251016789,
    "receivedKBytesPerSec" : 45.527882542349886,
    "sentKBytesPerSec" : 1.5358532163116996
  }
}