{
  "Purchase" : {
    "transaction" : "Purchase",
    "sampleCount" : 1122,
    "errorCount" : 0,
    "errorPct" : 0.0,
    "meanResTime" : 286.2023172905524,
    "medianResTime" : 280.0,
    "minResTime" : 255.0,
    "maxResTime" : 488.0,
    "pct1ResTime" : 310.0,
    "pct2ResTime" : 329.0,
    "pct3ResTime" : 411.62999999999965,
    "throughput" : 6.268121407142977,
    "receivedKBytesPerSec" : 41.12890561714739,
    "sentKBytesPerSec" : 1.7996364196289405
  },
  "Total" : {
    "transaction" : "Total",
    "sampleCount" : 4516,
    "errorCount" : 0,
    "errorPct" : 0.0,
    "meanResTime" : 288.51749335695246,
    "medianResTime" : 279.0,
    "minResTime" : 248.0,
    "maxResTime" : 803.0,
    "pct1ResTime" : 312.0,
    "pct2ResTime" : 343.0,
    "pct3ResTime" : 447.8299999999999,
    "throughput" : 25.065077065676498,
    "receivedKBytesPerSec" : 150.6332222236098,
    "sentKBytesPerSec" : 6.467022561205744
  },
  "Home Page" : {
    "transaction" : "Home Page",
    "sampleCount" : 1148,
    "errorCount" : 0,
    "errorPct" : 0.0,
    "meanResTime" : 292.84407665505245,
    "medianResTime" : 275.0,
    "minResTime" : 248.0,
    "maxResTime" : 755.0,
    "pct1ResTime" : 350.5000000000007,
    "pct2ResTime" : 428.0,
    "pct3ResTime" : 483.56999999999994,
    "throughput" : 6.371936835678405,
    "receivedKBytesPerSec" : 29.60129429966975,
    "sentKBytesPerSec" : 0.740488753364971
  },
  "Confirmation" : {
    "transaction" : "Confirmation",
    "sampleCount" : 1116,
    "errorCount" : 0,
    "errorPct" : 0.0,
    "meanResTime" : 286.4489247311831,
    "medianResTime" : 279.0,
    "minResTime" : 255.0,
    "maxResTime" : 551.0,
    "pct1ResTime" : 310.0,
    "pct2ResTime" : 326.14999999999986,
    "pct3ResTime" : 440.8299999999999,
    "throughput" : 6.260974939269666,
    "receivedKBytesPerSec" : 35.340772740915696,
    "sentKBytesPerSec" : 2.439579102313082
  },
  "Reserve - Book Flight" : {
    "transaction" : "Reserve - Book Flight",
    "sampleCount" : 1130,
    "errorCount" : 0,
    "errorPct" : 0.0,
    "meanResTime" : 288.4637168141594,
    "medianResTime" : 281.0,
    "minResTime" : 252.0,
    "maxResTime" : 803.0,
    "pct1ResTime" : 310.0,
    "pct2ResTime" : 328.0,
    "pct3ResTime" : 439.0,
    "throughput" : 6.297545072031655,
    "receivedKBytesPerSec" : 45.393145933764316,
    "sentKBytesPerSec" : 1.5313366434920723
  }
}