{
  "Purchase" : {
    "transaction" : "Purchase",
    "sampleCount" : 3361,
    "errorCount" : 0,
    "errorPct" : 0.0,
    "meanResTime" : 315.385301993455,
    "medianResTime" : 291.0,
    "minResTime" : 253.0,
    "maxResTime" : 1232.0,
    "pct1ResTime" : 398.0,
    "pct2ResTime" : 459.6999999999989,
    "pct3ResTime" : 587.6600000000008,
    "throughput" : 18.763433356594554,
    "receivedKBytesPerSec" : 123.11701304082345,
    "sentKBytesPerSec" : 5.387157623866015
  },
  "Total" : {
    "transaction" : "Total",
    "sampleCount" : 13499,
    "errorCount" : 0,
    "errorPct" : 0.0,
    "meanResTime" : 316.0280761537918,
    "medianResTime" : 291.0,
    "minResTime" : 243.0,
    "maxResTime" : 1232.0,
    "pct1ResTime" : 405.0,
    "pct2ResTime" : 457.0,
    "pct3ResTime" : 592.0,
    "throughput" : 74.88502909637586,
    "receivedKBytesPerSec" : 450.25081950573605,
    "sentKBytesPerSec" : 19.31518115198349
  },
  "Home Page" : {
    "transaction" : "Home Page",
    "sampleCount" : 3424,
    "errorCount" : 0,
    "errorPct" : 0.0,
    "meanResTime" : 317.58966121495354,
    "medianResTime" : 287.0,
    "minResTime" : 243.0,
    "maxResTime" : 1125.0,
    "pct1ResTime" : 424.0,
    "pct2ResTime" : 464.75,
    "pct3ResTime" : 604.75,
    "throughput" : 19.002375296912113,
    "receivedKBytesPerSec" : 88.27605143655516,
    "sentKBytesPerSec" : 2.2082838479809976
  },
  "Confirmation" : {
    "transaction" : "Confirmation",
    "sampleCount" : 3320,
    "errorCount" : 0,
    "errorPct" : 0.0,
    "meanResTime" : 315.5840361445777,
    "medianResTime" : 292.0,
    "minResTime" : 245.0,
    "maxResTime" : 1046.0,
    "pct1ResTime" : 392.0,
    "pct2ResTime" : 449.0,
    "pct3ResTime" : 579.0,
    "throughput" : 18.568336511949173,
    "receivedKBytesPerSec" : 104.80981786810888,
    "sentKBytesPerSec" : 7.2351233088551945
  },
  "Reserve - Book Flight" : {
    "transaction" : "Reserve - Book Flight",
    "sampleCount" : 3394,
    "errorCount" : 0,
    "errorPct" : 0.0,
    "meanResTime" : 315.5235710076604,
    "medianResTime" : 291.0,
    "minResTime" : 250.0,
    "maxResTime" : 1143.0,
    "pct1ResTime" : 394.0,
    "pct2ResTime" : 454.0,
    "pct3ResTime" : 595.0500000000002,
    "throughput" : 18.919250365118117,
    "receivedKBytesPerSec" : 136.37051815765855,
    "sentKBytesPerSec" : 4.60048177823673
  }
}