{
  "Purchase" : {
    "transaction" : "Purchase",
    "sampleCount" : 2240,
    "errorCount" : 0,
    "errorPct" : 0.0,
    "meanResTime" : 285.67098214285676,
    "medianResTime" : 278.5,
    "minResTime" : 251.0,
    "maxResTime" : 480.0,
    "pct1ResTime" : 312.0,
    "pct2ResTime" : 331.0,
    "pct3ResTime" : 426.59000000000015,
    "throughput" : 12.497559070494045,
    "receivedKBytesPerSec" : 82.0034626328563,
    "sentKBytesPerSec" : 3.5881663737551257
  },
  "Total" : {
    "transaction" : "Total",
    "sampleCount" : 9017,
    "errorCount" : 0,
    "errorPct" : 0.0,
    "meanResTime" : 288.3331484972838,
    "medianResTime" : 279.0,
    "minResTime" : 247.0,
    "maxResTime" : 928.0,
    "pct1ResTime" : 317.0,
    "pct2ResTime" : 346.0,
    "pct3ResTime" : 438.8199999999997,
    "throughput" : 50.03384789532677,
    "receivedKBytesPerSec" : 300.8053852660389,
    "sentKBytesPerSec" : 12.898457311076031
  },
  "Home Page" : {
    "transaction" : "Home Page",
    "sampleCount" : 2292,
    "errorCount" : 0,
    "errorPct" : 0.0,
    "meanResTime" : 291.5715532286204,
    "medianResTime" : 274.0,
    "minResTime" : 247.0,
    "maxResTime" : 928.0,
    "pct1ResTime" : 340.7000000000003,
    "pct2ResTime" : 416.0,
    "pct3ResTime" : 460.28000000000065,
    "throughput" : 12.723084182186572,
    "receivedKBytesPerSec" : 59.10618442782203,
    "sentKBytesPerSec" : 1.4785615407033221
  },
  "Confirmation" : {
    "transaction" : "Confirmation",
    "sampleCount" : 2215,
    "errorCount" : 0,
    "errorPct" : 0.0,
    "meanResTime" : 287.0740406320536,
    "medianResTime" : 280.0,
    "minResTime" : 253.0,
    "maxResTime" : 533.0,
    "pct1ResTime" : 314.0,
    "pct2ResTime" : 332.1999999999998,
    "pct3ResTime" : 423.84000000000015,
    "throughput" : 12.3850953903961,
    "receivedKBytesPerSec" : 69.90849479853951,
    "sentKBytesPerSec" : 4.825833067156293
  },
  "Reserve - Book Flight" : {
    "transaction" : "Reserve - Book Flight",
    "sampleCount" : 2270,
    "errorCount" : 0,
    "errorPct" : 0.0,
    "meanResTime" : 288.918942731277,
    "medianResTime" : 281.0,
    "minResTime" : 247.0,
    "maxResTime" : 686.0,
    "pct1ResTime" : 315.0,
    "pct2ResTime" : 334.0,
    "pct3ResTime" : 430.0,
    "throughput" : 12.648353485262161,
    "receivedKBytesPerSec" : 91.16986604655374,
    "sentKBytesPerSec" : 3.075625017412381
  }
}