{
  "Purchase" : {
    "transaction" : "Purchase",
    "sampleCount" : 10994,
    "errorCount" : 1,
    "errorPct" : 0.009095871,
    "meanResTime" : 336.8420956885591,
    "medianResTime" : 315.0,
    "minResTime" : 44.0,
    "maxResTime" : 1361.0,
    "pct1ResTime" : 435.0,
    "pct2ResTime" : 478.0,
    "pct3ResTime" : 580.0,
    "throughput" : 61.279660213926995,
    "receivedKBytesPerSec" : 402.0643899938408,
    "sentKBytesPerSec" : 17.592364619970233
  },
  "Total" : {
    "transaction" : "Total",
    "sampleCount" : 44116,
    "errorCount" : 2,
    "errorPct" : 0.0045335027,
    "meanResTime" : 335.4062471665655,
    "medianResTime" : 311.0,
    "minResTime" : 23.0,
    "maxResTime" : 1361.0,
    "pct1ResTime" : 424.90000000000146,
    "pct2ResTime" : 463.0,
    "pct3ResTime" : 542.0,
    "throughput" : 244.54545454545453,
    "receivedKBytesPerSec" : 1470.3698757535337,
    "sentKBytesPerSec" : 63.166493079614746
  },
  "Home Page" : {
    "transaction" : "Home Page",
    "sampleCount" : 11141,
    "errorCount" : 1,
    "errorPct" : 0.008975855,
    "meanResTime" : 331.6101786195142,
    "medianResTime" : 309.0,
    "minResTime" : 23.0,
    "maxResTime" : 1220.0,
    "pct1ResTime" : 429.0,
    "pct2ResTime" : 473.0,
    "pct3ResTime" : 573.5799999999999,
    "throughput" : 61.765765765765764,
    "receivedKBytesPerSec" : 286.9205160689536,
    "sentKBytesPerSec" : 7.1772132709632706
  },
  "Confirmation" : {
    "transaction" : "Confirmation",
    "sampleCount" : 10919,
    "errorCount" : 0,
    "errorPct" : 0.0,
    "meanResTime" : 336.0099825991383,
    "medianResTime" : 314.0,
    "minResTime" : 252.0,
    "maxResTime" : 1299.0,
    "pct1ResTime" : 433.0,
    "pct2ResTime" : 479.0,
    "pct3ResTime" : 576.0,
    "throughput" : 60.94722447043063,
    "receivedKBytesPerSec" : 344.02041004995675,
    "sentKBytesPerSec" : 23.74799078486506
  },
  "Reserve - Book Flight" : {
    "transaction" : "Reserve - Book Flight",
    "sampleCount" : 11062,
    "errorCount" : 0,
    "errorPct" : 0.0,
    "meanResTime" : 337.2064726089312,
    "medianResTime" : 315.0,
    "minResTime" : 254.0,
    "maxResTime" : 1327.0,
    "pct1ResTime" : 433.0,
    "pct2ResTime" : 476.0,
    "pct3ResTime" : 573.0,
    "throughput" : 61.59037003218155,
    "receivedKBytesPerSec" : 443.94560828633234,
    "sentKBytesPerSec" : 14.976564587903523
  }
}