{
  "Purchase" : {
    "transaction" : "Purchase",
    "sampleCount" : 10838,
    "errorCount" : 0,
    "errorPct" : 0.0,
    "meanResTime" : 521.8470197453411,
    "medianResTime" : 408.0,
    "minResTime" : 250.0,
    "maxResTime" : 2272.0,
    "pct1ResTime" : 932.0,
    "pct2ResTime" : 1120.0499999999993,
    "pct3ResTime" : 1577.0,
    "throughput" : 60.23118817383572,
    "receivedKBytesPerSec" : 395.20870020909746,
    "sentKBytesPerSec" : 17.292938792097367
  },
  "Total" : {
    "transaction" : "Total",
    "sampleCount" : 43507,
    "errorCount" : 0,
    "errorPct" : 0.0,
    "meanResTime" : 519.2062426735932,
    "medianResTime" : 458.0,
    "minResTime" : 249.0,
    "maxResTime" : 2357.0,
    "pct1ResTime" : 1071.0,
    "pct2ResTime" : 1281.9500000000007,
    "pct3ResTime" : 1726.9800000000032,
    "throughput" : 240.35821423244147,
    "receivedKBytesPerSec" : 1445.310099178425,
    "sentKBytesPerSec" : 62.08418309828517
  },
  "Home Page" : {
    "transaction" : "Home Page",
    "sampleCount" : 10985,
    "errorCount" : 0,
    "errorPct" : 0.0,
    "meanResTime" : 514.5742375967221,
    "medianResTime" : 407.0,
    "minResTime" : 249.0,
    "maxResTime" : 2217.0,
    "pct1ResTime" : 922.0,
    "pct2ResTime" : 1102.699999999999,
    "pct3ResTime" : 1510.5599999999977,
    "throughput" : 60.74531207662149,
    "receivedKBytesPerSec" : 282.1931458388632,
    "sentKBytesPerSec" : 7.059269665154256
  },
  "Confirmation" : {
    "transaction" : "Confirmation",
    "sampleCount" : 10764,
    "errorCount" : 0,
    "errorPct" : 0.0,
    "meanResTime" : 517.0219249349659,
    "medianResTime" : 405.0,
    "minResTime" : 256.0,
    "maxResTime" : 2145.0,
    "pct1ResTime" : 916.0,
    "pct2ResTime" : 1111.75,
    "pct3ResTime" : 1529.050000000001,
    "throughput" : 59.97091711377426,
    "receivedKBytesPerSec" : 338.50808571790714,
    "sentKBytesPerSec" : 23.36757414882415
  },
  "Reserve - Book Flight" : {
    "transaction" : "Reserve - Book Flight",
    "sampleCount" : 10920,
    "errorCount" : 0,
    "errorPct" : 0.0,
    "meanResTime" : 523.3979853479831,
    "medianResTime" : 407.0,
    "minResTime" : 252.0,
    "maxResTime" : 2357.0,
    "pct1ResTime" : 941.0,
    "pct2ResTime" : 1136.0,
    "pct3ResTime" : 1579.3699999999972,
    "throughput" : 60.653188180404356,
    "receivedKBytesPerSec" : 437.1890664921684,
    "sentKBytesPerSec" : 14.748675641524107
  }
}