{
  "Purchase" : {
    "transaction" : "Purchase",
    "sampleCount" : 11553,
    "errorCount" : 0,
    "errorPct" : 0.0,
    "meanResTime" : 1836.8581320869046,
    "medianResTime" : 1118.0,
    "minResTime" : 255.0,
    "maxResTime" : 8937.0,
    "pct1ResTime" : 5113.6,
    "pct2ResTime" : 6359.299999999999,
    "pct3ResTime" : 7441.759999999995,
    "throughput" : 62.301482444172414,
    "receivedKBytesPerSec" : 408.7930164203341,
    "sentKBytesPerSec" : 17.887339686119812
  },
  "Total" : {
    "transaction" : "Total",
    "sampleCount" : 46521,
    "errorCount" : 0,
    "errorPct" : 0.0,
    "meanResTime" : 1816.5005051482053,
    "medianResTime" : 1041.0,
    "minResTime" : 250.0,
    "maxResTime" : 8953.0,
    "pct1ResTime" : 6100.9000000000015,
    "pct2ResTime" : 6811.950000000001,
    "pct3ResTime" : 7946.910000000014,
    "throughput" : 249.29665771747344,
    "receivedKBytesPerSec" : 1498.58474868408,
    "sentKBytesPerSec" : 64.22809733520356
  },
  "Home Page" : {
    "transaction" : "Home Page",
    "sampleCount" : 11854,
    "errorCount" : 0,
    "errorPct" : 0.0,
    "meanResTime" : 1797.9409482031429,
    "medianResTime" : 1107.0,
    "minResTime" : 250.0,
    "maxResTime" : 8790.0,
    "pct1ResTime" : 4717.0,
    "pct2ResTime" : 6354.0,
    "pct3ResTime" : 7296.250000000004,
    "throughput" : 63.57532071909727,
    "receivedKBytesPerSec" : 295.3400471324334,
    "sentKBytesPerSec" : 7.388147622629468
  },
  "Confirmation" : {
    "transaction" : "Confirmation",
    "sampleCount" : 11404,
    "errorCount" : 0,
    "errorPct" : 0.0,
    "meanResTime" : 1811.091371448613,
    "medianResTime" : 1108.0,
    "minResTime" : 257.0,
    "maxResTime" : 8953.0,
    "pct1ResTime" : 4864.0,
    "pct2ResTime" : 6335.0,
    "pct3ResTime" : 7394.0,
    "throughput" : 61.603617132763254,
    "receivedKBytesPerSec" : 347.7239640447496,
    "sentKBytesPerSec" : 24.00375316012943
  },
  "Reserve - Book Flight" : {
    "transaction" : "Reserve - Book Flight",
    "sampleCount" : 11710,
    "errorCount" : 0,
    "errorPct" : 0.0,
    "meanResTime" : 1820.4713919726773,
    "medianResTime" : 1101.0,
    "minResTime" : 254.0,
    "maxResTime" : 8848.0,
    "pct1ResTime" : 4958.299999999997,
    "pct2ResTime" : 6315.0,
    "pct3ResTime" : 7393.119999999995,
    "throughput" : 63.05530127618329,
    "receivedKBytesPerSec" : 454.50333559380215,
    "sentKBytesPerSec" : 15.332783220478165
  }
}