{
  "Purchase" : {
    "transaction" : "Purchase",
    "sampleCount" : 3364,
    "errorCount" : 0,
    "errorPct" : 0.0,
    "meanResTime" : 282.82966706302045,
    "medianResTime" : 276.0,
    "minResTime" : 250.0,
    "maxResTime" : 487.0,
    "pct1ResTime" : 308.0,
    "pct2ResTime" : 328.0,
    "pct3ResTime" : 412.0,
    "throughput" : 18.772635702606628,
    "receivedKBytesPerSec" : 123.17916001662974,
    "sentKBytesPerSec" : 5.389799703678075
  },
  "Total" : {
    "transaction" : "Total",
    "sampleCount" : 13504,
    "errorCount" : 0,
    "errorPct" : 0.0,
    "meanResTime" : 283.9952606635074,
    "medianResTime" : 275.0,
    "minResTime" : 247.0,
    "maxResTime" : 930.0,
    "pct1ResTime" : 310.0,
    "pct2ResTime" : 344.0,
    "pct3ResTime" : 424.0,
    "throughput" : 74.92689855683602,
    "receivedKBytesPerSec" : 450.4963184424399,
    "sentKBytesPerSec" : 19.32337644052844
  },
  "Home Page" : {
    "transaction" : "Home Page",
    "sampleCount" : 3427,
    "errorCount" : 0,
    "errorPct" : 0.0,
    "meanResTime" : 286.05865188211203,
    "medianResTime" : 271.0,
    "minResTime" : 247.0,
    "maxResTime" : 930.0,
    "pct1ResTime" : 334.40000000000055,
    "pct2ResTime" : 403.5999999999999,
    "pct3ResTime" : 444.0,
    "throughput" : 19.02029127075748,
    "receivedKBytesPerSec" : 88.36040762747258,
    "sentKBytesPerSec" : 2.2103658800977932
  },
  "Confirmation" : {
    "transaction" : "Confirmation",
    "sampleCount" : 3319,
    "errorCount" : 0,
    "errorPct" : 0.0,
    "meanResTime" : 282.1654112684541,
    "medianResTime" : 276.0,
    "minResTime" : 251.0,
    "maxResTime" : 501.0,
    "pct1ResTime" : 307.0,
    "pct2ResTime" : 326.0,
    "pct3ResTime" : 406.0,
    "throughput" : 18.542106615716378,
    "receivedKBytesPerSec" : 104.66278778254507,
    "sentKBytesPerSec" : 7.2249028707723
  },
  "Reserve - Book Flight" : {
    "transaction" : "Reserve - Book Flight",
    "sampleCount" : 3394,
    "errorCount" : 0,
    "errorPct" : 0.0,
    "meanResTime" : 284.85651149086635,
    "medianResTime" : 277.0,
    "minResTime" : 251.0,
    "maxResTime" : 924.0,
    "pct1ResTime" : 308.0,
    "pct2ResTime" : 328.25,
    "pct3ResTime" : 427.0500000000002,
    "throughput" : 18.908710040447033,
    "receivedKBytesPerSec" : 136.2959795139392,
    "sentKBytesPerSec" : 4.59791875006964
  }
}