{
  "Purchase" : {
    "transaction" : "Purchase",
    "sampleCount" : 11964,
    "errorCount" : 3,
    "errorPct" : 0.025075225,
    "meanResTime" : 1739.7822634570389,
    "medianResTime" : 1025.0,
    "minResTime" : 155.0,
    "maxResTime" : 10359.0,
    "pct1ResTime" : 4508.0,
    "pct2ResTime" : 6555.25,
    "pct3ResTime" : 8724.0,
    "throughput" : 63.836598796260716,
    "receivedKBytesPerSec" : 418.7640594236218,
    "sentKBytesPerSec" : 18.328085982520168
  },
  "Total" : {
    "transaction" : "Total",
    "sampleCount" : 48133,
    "errorCount" : 11,
    "errorPct" : 0.022853345,
    "meanResTime" : 1735.4902873288581,
    "medianResTime" : 819.0,
    "minResTime" : 149.0,
    "maxResTime" : 10529.0,
    "pct1ResTime" : 6856.0,
    "pct2ResTime" : 8281.0,
    "pct3ResTime" : 9227.990000000002,
    "throughput" : 255.13498041419086,
    "receivedKBytesPerSec" : 1533.4440756737094,
    "sentKBytesPerSec" : 65.75019931178011
  },
  "Home Page" : {
    "transaction" : "Home Page",
    "sampleCount" : 12252,
    "errorCount" : 6,
    "errorPct" : 0.048971597,
    "meanResTime" : 1729.9813091740068,
    "medianResTime" : 994.0,
    "minResTime" : 149.0,
    "maxResTime" : 10424.0,
    "pct1ResTime" : 4463.0,
    "pct2ResTime" : 6691.700000000001,
    "pct3ResTime" : 8822.47,
    "throughput" : 65.04254946408379,
    "receivedKBytesPerSec" : 302.0147311427305,
    "sentKBytesPerSec" : 7.5586556506113
  },
  "Confirmation" : {
    "transaction" : "Confirmation",
    "sampleCount" : 11808,
    "errorCount" : 2,
    "errorPct" : 0.01693767,
    "meanResTime" : 1751.1614159891594,
    "medianResTime" : 1036.0,
    "minResTime" : 171.0,
    "maxResTime" : 10529.0,
    "pct1ResTime" : 4623.300000000001,
    "pct2ResTime" : 6647.549999999999,
    "pct3ResTime" : 8704.82,
    "throughput" : 63.01767568952267,
    "receivedKBytesPerSec" : 355.64759744444325,
    "sentKBytesPerSec" : 24.554738867304245
  },
  "Reserve - Book Flight" : {
    "transaction" : "Reserve - Book Flight",
    "sampleCount" : 12109,
    "errorCount" : 0,
    "errorPct" : 0.0,
    "meanResTime" : 1721.5421587249132,
    "medianResTime" : 1006.0,
    "minResTime" : 256.0,
    "maxResTime" : 10409.0,
    "pct1ResTime" : 4238.0,
    "pct2ResTime" : 6590.0,
    "pct3ResTime" : 8699.199999999997,
    "throughput" : 64.46443781942078,
    "receivedKBytesPerSec" : 464.6605457520363,
    "sentKBytesPerSec" : 15.675434586948999
  }
}